{"cameraMode":{"drawMode":0,"name":"Shaded","section":"Shading Mode"},"sceneLighting":true,"audioPlay":false,"sceneViewState":{"showFog":true,"showMaterialUpdate":true,"showSkybox":true,"showFlares":true,"showImageEffects":true,"showParticleSystems":true},"in2DMode":false,"pivot":{"x":695.8330078125,"y":639.8583984375,"z":32.3685302734375},"rotation":{"x":-0.02128141187131405,"y":0.05006645247340202,"z":-0.0010651637567207218,"w":-0.9985350966453552},"size":1683.45751953125,"orthographic":false}