{"cameraMode":{"drawMode":0,"name":"Shaded","section":"Shading Mode"},"sceneLighting":true,"audioPlay":false,"sceneViewState":{"showFog":true,"showMaterialUpdate":true,"showSkybox":true,"showFlares":true,"showImageEffects":true,"showParticleSystems":true},"in2DMode":false,"pivot":{"x":0.06679792702198029,"y":-2.248192548751831,"z":3.300586700439453},"rotation":{"x":0.09765961021184921,"y":0.002386220498010516,"z":-0.000235666855587624,"w":0.9952170252799988},"size":13.16944694519043,"orthographic":false}