{"cameraMode":{"drawMode":0,"name":"Shaded","section":"Shading Mode"},"sceneLighting":true,"audioPlay":false,"sceneViewState":{"showFog":true,"showMaterialUpdate":true,"showSkybox":true,"showFlares":true,"showImageEffects":true,"showParticleSystems":true},"in2DMode":false,"pivot":{"x":-0.2216956466436386,"y":-0.5152039527893066,"z":3.905606746673584},"rotation":{"x":0.27565616369247439,"y":0.01672174781560898,"z":-0.004797610454261303,"w":0.9610989093780518},"size":7.73606014251709,"orthographic":false}