{"cameraMode":{"drawMode":0,"name":"Shaded","section":"Shading Mode"},"sceneLighting":false,"audioPlay":false,"sceneViewState":{"showFog":true,"showMaterialUpdate":true,"showSkybox":true,"showFlares":true,"showImageEffects":true,"showParticleSystems":true},"in2DMode":false,"pivot":{"x":5.665428638458252,"y":-2.598428726196289,"z":0.04846827685832977},"rotation":{"x":-0.15221422910690309,"y":-0.6839797496795654,"z":0.149229034781456,"w":-0.6976627707481384},"size":8.199943542480469,"orthographic":false}