{"cameraMode":{"drawMode":0,"name":"Shaded","section":"Shading Mode"},"sceneLighting":true,"audioPlay":false,"sceneViewState":{"showFog":true,"showMaterialUpdate":true,"showSkybox":true,"showFlares":true,"showImageEffects":true,"showParticleSystems":true},"in2DMode":false,"pivot":{"x":-3.4323925971984865,"y":1.014704704284668,"z":35.56060791015625},"rotation":{"x":0.24753929674625398,"y":-0.07026790082454682,"z":0.018002090975642206,"w":0.9661587476730347},"size":22.0,"orthographic":false}