{"cameraMode":{"drawMode":0,"name":"Shaded","section":"Shading Mode"},"sceneLighting":true,"audioPlay":false,"sceneViewState":{"showFog":true,"showMaterialUpdate":true,"showSkybox":true,"showFlares":true,"showImageEffects":true,"showParticleSystems":true},"in2DMode":false,"pivot":{"x":459.8751525878906,"y":142.11358642578126,"z":54.35614013671875},"rotation":{"x":0.10210055112838745,"y":-0.024466346949338914,"z":0.002511843340471387,"w":0.9944700002670288},"size":725.5021362304688,"orthographic":false}