{"cameraMode":{"drawMode":0,"name":"Shaded","section":"Shading Mode"},"sceneLighting":true,"audioPlay":false,"sceneViewState":{"showFog":true,"showMaterialUpdate":true,"showSkybox":true,"showFlares":true,"showImageEffects":true,"showParticleSystems":true},"in2DMode":false,"pivot":{"x":-0.13636940717697144,"y":0.589080274105072,"z":2.3031880855560304},"rotation":{"x":0.10210055112838745,"y":-0.024466346949338914,"z":0.002511843340471387,"w":0.9944700002670288},"size":4.071126461029053,"orthographic":false}