{"cameraMode":{"drawMode":0,"name":"Shaded","section":"Shading Mode"},"sceneLighting":true,"audioPlay":false,"sceneViewState":{"showFog":true,"showMaterialUpdate":true,"showSkybox":true,"showFlares":true,"showImageEffects":true,"showParticleSystems":true},"in2DMode":false,"pivot":{"x":0.22864100337028504,"y":-2.78798770904541,"z":12.834537506103516},"rotation":{"x":0.13339832425117494,"y":0.01427271869033575,"z":-0.0019215247593820096,"w":0.9909579157829285},"size":22.931400299072267,"orthographic":false}