{"cameraMode":{"drawMode":0,"name":"Shaded","section":"Shading Mode"},"sceneLighting":true,"audioPlay":false,"sceneViewState":{"showFog":true,"showMaterialUpdate":true,"showSkybox":true,"showFlares":true,"showImageEffects":true,"showParticleSystems":true},"in2DMode":false,"pivot":{"x":1.186664342880249,"y":2.6671829223632814,"z":0.8167142868041992},"rotation":{"x":0.09992687404155731,"y":-0.1182132288813591,"z":0.011957448907196522,"w":0.98787522315979},"size":14.923691749572754,"orthographic":false}