{"cameraMode":{"drawMode":0,"name":"Shaded","section":"Shading Mode"},"sceneLighting":true,"audioPlay":false,"sceneViewState":{"showFog":true,"showMaterialUpdate":true,"showSkybox":true,"showFlares":true,"showImageEffects":true,"showParticleSystems":true},"in2DMode":false,"pivot":{"x":5.119377613067627,"y":3.030397415161133,"z":1.7892799377441407},"rotation":{"x":0.14229653775691987,"y":0.0216732919216156,"z":-0.003117965767160058,"w":0.989581823348999},"size":11.945488929748536,"orthographic":false}