{"cameraMode":{"drawMode":0,"name":"Shaded","section":"Shading Mode"},"sceneLighting":true,"audioPlay":false,"sceneViewState":{"showFog":true,"showMaterialUpdate":true,"showSkybox":true,"showFlares":true,"showImageEffects":true,"showParticleSystems":true},"in2DMode":false,"pivot":{"x":2.9041430950164797,"y":0.7792255878448486,"z":-6.361511707305908},"rotation":{"x":-0.11111554503440857,"y":-0.8370446562767029,"z":0.1849873661994934,"w":-0.5027815699577332},"size":2.8578836917877199,"orthographic":false}