{"cameraMode":{"drawMode":0,"name":"Shaded","section":"Shading Mode"},"sceneLighting":true,"audioPlay":false,"sceneViewState":{"showFog":true,"showMaterialUpdate":true,"showSkybox":true,"showFlares":true,"showImageEffects":true,"showParticleSystems":true},"in2DMode":false,"pivot":{"x":0.5746011734008789,"y":-0.33776378631591799,"z":-0.4202650785446167},"rotation":{"x":0.1083270013332367,"y":0.6327179670333862,"z":-0.0900111198425293,"w":0.7614665627479553},"size":7.501705646514893,"orthographic":false}