{"cameraMode":{"drawMode":0,"name":"Shaded","section":"Shading Mode"},"sceneLighting":true,"audioPlay":false,"sceneViewState":{"showFog":true,"showMaterialUpdate":true,"showSkybox":true,"showFlares":true,"showImageEffects":true,"showParticleSystems":true},"in2DMode":false,"pivot":{"x":4.099831581115723,"y":-11.125279426574707,"z":36.51628112792969},"rotation":{"x":0.14816847443580628,"y":0.035004328936338428,"z":-0.005248344969004393,"w":0.9883285164833069},"size":75.89826202392578,"orthographic":false}