{"cameraMode":{"drawMode":0,"name":"Shaded","section":"Shading Mode"},"sceneLighting":true,"audioPlay":false,"sceneViewState":{"showFog":true,"showMaterialUpdate":true,"showSkybox":true,"showFlares":true,"showImageEffects":true,"showParticleSystems":true},"in2DMode":false,"pivot":{"x":-0.29368892312049868,"y":1.3619085550308228,"z":0.2956947684288025},"rotation":{"x":-0.031287383288145068,"y":0.11399069428443909,"z":0.0035917481873184444,"w":0.9929826259613037},"size":1.1451513767242432,"orthographic":false}