{"cameraMode":{"drawMode":0,"name":"Shaded","section":"Shading Mode"},"sceneLighting":true,"audioPlay":false,"sceneViewState":{"showFog":true,"showMaterialUpdate":true,"showSkybox":true,"showFlares":true,"showImageEffects":true,"showParticleSystems":true},"in2DMode":false,"pivot":{"x":5.0352606773376469,"y":1.733546495437622,"z":5.275843620300293},"rotation":{"x":0.07672227919101715,"y":-0.01795094832777977,"z":0.0013816015562042595,"w":0.9968899488449097},"size":20.470521926879884,"orthographic":false}