{"cameraMode":{"drawMode":0,"name":"Shaded","section":"Shading Mode"},"sceneLighting":true,"audioPlay":false,"sceneViewState":{"showFog":true,"showMaterialUpdate":true,"showSkybox":true,"showFlares":true,"showImageEffects":true,"showParticleSystems":true},"in2DMode":false,"pivot":{"x":-1.0713415145874024,"y":4.257132530212402,"z":24.25461769104004},"rotation":{"x":-0.1809350699186325,"y":-0.26991012692451479,"z":0.05171585455536842,"w":-0.9443180561065674},"size":2.8578836917877199,"orthographic":false}