{"cameraMode":{"drawMode":0,"name":"Shaded","section":"Shading Mode"},"sceneLighting":false,"audioPlay":false,"sceneViewState":{"showFog":true,"showMaterialUpdate":true,"showSkybox":true,"showFlares":true,"showImageEffects":true,"showParticleSystems":true},"in2DMode":false,"pivot":{"x":4.183175086975098,"y":0.7191665768623352,"z":-4.258121490478516},"rotation":{"x":0.1336812824010849,"y":0.24236582219600678,"z":-0.033738333731889728,"w":0.9603384733200073},"size":0.14289450645446778,"orthographic":false}