{"cameraMode":{"drawMode":0,"name":"Shaded","section":"Shading Mode"},"sceneLighting":true,"audioPlay":false,"sceneViewState":{"showFog":true,"showMaterialUpdate":true,"showSkybox":true,"showFlares":true,"showImageEffects":true,"showParticleSystems":true},"in2DMode":false,"pivot":{"x":7.619999885559082,"y":0.5,"z":-17.770000457763673},"rotation":{"x":0.24121759831905366,"y":0.7202152013778687,"z":-0.3013902008533478,"w":0.5764269828796387},"size":1.8913921117782593,"orthographic":false}