{"cameraMode":{"drawMode":0,"name":"Shaded","section":"Shading Mode"},"sceneLighting":true,"audioPlay":false,"sceneViewState":{"showFog":true,"showMaterialUpdate":true,"showSkybox":true,"showFlares":true,"showImageEffects":true,"showParticleSystems":true},"in2DMode":false,"pivot":{"x":0.9100000262260437,"y":0.5,"z":-1.5800000429153443},"rotation":{"x":0.07939160615205765,"y":0.902869701385498,"z":-0.18991874158382417,"w":0.37743106484413149},"size":1.8957058191299439,"orthographic":false}