{"cameraMode":{"drawMode":0,"name":"Shaded","section":"Shading Mode"},"sceneLighting":true,"audioPlay":false,"sceneViewState":{"showFog":true,"showMaterialUpdate":true,"showSkybox":true,"showFlares":true,"showImageEffects":true,"showParticleSystems":true},"in2DMode":false,"pivot":{"x":123.7398681640625,"y":149.97605895996095,"z":92.23922729492188},"rotation":{"x":-0.008862157352268696,"y":0.17400114238262177,"z":0.001565940910950303,"w":0.9847043752670288},"size":2009.72900390625,"orthographic":false}