{"cameraMode":{"drawMode":0,"name":"Shaded","section":"Shading Mode"},"sceneLighting":true,"audioPlay":false,"sceneViewState":{"showFog":true,"showMaterialUpdate":true,"showSkybox":true,"showFlares":true,"showImageEffects":true,"showParticleSystems":true},"in2DMode":false,"pivot":{"x":593.9419555664063,"y":212.6045684814453,"z":2.68060302734375},"rotation":{"x":0.042315803468227389,"y":-0.0026573429349809887,"z":0.00011181766603840515,"w":0.9991008043289185},"size":558.996826171875,"orthographic":false}