{"cameraMode":{"drawMode":0,"name":"Shaded","section":"Shading Mode"},"sceneLighting":true,"audioPlay":false,"sceneViewState":{"showFog":true,"showMaterialUpdate":true,"showSkybox":true,"showFlares":true,"showImageEffects":true,"showParticleSystems":true},"in2DMode":false,"pivot":{"x":-1.0052027702331544,"y":0.0,"z":-3.183690309524536},"rotation":{"x":0.14350268244743348,"y":-0.002080051228404045,"z":0.00030158209847286344,"w":0.9896477460861206},"size":6.645235538482666,"orthographic":false}