{"cameraMode":{"drawMode":0,"name":"Shaded","section":"Shading Mode"},"sceneLighting":false,"audioPlay":false,"sceneViewState":{"showFog":true,"showMaterialUpdate":true,"showSkybox":true,"showFlares":true,"showImageEffects":true,"showParticleSystems":true},"in2DMode":false,"pivot":{"x":30.96295166015625,"y":-2.349491596221924,"z":-32.25616455078125},"rotation":{"x":0.14976173639297486,"y":-0.0041128783486783508,"z":0.0006222433876246214,"w":0.9887133836746216},"size":15.289267539978028,"orthographic":false}