{"cameraMode":{"drawMode":0,"name":"Shaded","section":"Shading Mode"},"sceneLighting":true,"audioPlay":false,"sceneViewState":{"showFog":true,"showMaterialUpdate":true,"showSkybox":true,"showFlares":true,"showImageEffects":true,"showParticleSystems":true},"in2DMode":false,"pivot":{"x":17.276222229003908,"y":-1.3838920593261719,"z":-6.621788024902344},"rotation":{"x":0.15014711022377015,"y":0.2856272757053375,"z":-0.04536207392811775,"w":0.9454180598258972},"size":40.20367431640625,"orthographic":false}