{"cameraMode":{"drawMode":0,"name":"Shaded","section":"Shading Mode"},"sceneLighting":true,"audioPlay":false,"sceneViewState":{"showFog":true,"showMaterialUpdate":true,"showSkybox":true,"showFlares":true,"showImageEffects":true,"showParticleSystems":true},"in2DMode":false,"pivot":{"x":64.6869888305664,"y":321.1374206542969,"z":94.18464660644531},"rotation":{"x":0.14350268244743348,"y":-0.002080051228404045,"z":0.00030158209847286344,"w":0.9896477460861206},"size":156.7152557373047,"orthographic":false}