{"cameraMode":{"drawMode":0,"name":"Shaded","section":"Shading Mode"},"sceneLighting":true,"audioPlay":false,"sceneViewState":{"showFog":true,"showMaterialUpdate":true,"showSkybox":true,"showFlares":true,"showImageEffects":true,"showParticleSystems":true},"in2DMode":false,"pivot":{"x":-40.9117317199707,"y":0.9833318591117859,"z":4.962286472320557},"rotation":{"x":-0.09322983771562576,"y":-0.6132926940917969,"z":0.0732201337814331,"w":-0.7809091806411743},"size":0.1463913917541504,"orthographic":false}