{"cameraMode":{"drawMode":0,"name":"Shaded","section":"Shading Mode"},"sceneLighting":true,"audioPlay":false,"sceneViewState":{"showFog":true,"showMaterialUpdate":true,"showSkybox":true,"showFlares":true,"showImageEffects":true,"showParticleSystems":true},"in2DMode":false,"pivot":{"x":-4.510908126831055,"y":2.1215786933898927,"z":5.873752593994141},"rotation":{"x":0.015621437691152096,"y":0.9451341032981873,"z":-0.04569762572646141,"w":0.32309335470199587},"size":0.36467796564102175,"orthographic":false}