{"cameraMode":{"drawMode":0,"name":"Shaded","section":"Shading Mode"},"sceneLighting":true,"audioPlay":false,"sceneViewState":{"showFog":true,"showMaterialUpdate":true,"showSkybox":true,"showFlares":true,"showImageEffects":true,"showParticleSystems":true},"in2DMode":false,"pivot":{"x":17.240745544433595,"y":-2.6675186157226564,"z":-15.273126602172852},"rotation":{"x":-0.15586024522781373,"y":-0.6899442672729492,"z":0.15597105026245118,"w":-0.6894617676734924},"size":36.96004104614258,"orthographic":false}