{"cameraMode":{"drawMode":0,"name":"Shaded","section":"Shading Mode"},"sceneLighting":false,"audioPlay":false,"sceneViewState":{"showFog":true,"showMaterialUpdate":true,"showSkybox":true,"showFlares":true,"showImageEffects":true,"showParticleSystems":true},"in2DMode":false,"pivot":{"x":4.183175086975098,"y":0.7191665768623352,"z":-4.258121490478516},"rotation":{"x":-0.07030357420444489,"y":0.5895135402679443,"z":-0.051609426736831668,"w":-0.8030365109443665},"size":0.14289450645446778,"orthographic":false}