{"cameraMode":{"drawMode":0,"name":"Shaded","section":"Shading Mode"},"sceneLighting":false,"audioPlay":false,"sceneViewState":{"showFog":true,"showMaterialUpdate":true,"showSkybox":true,"showFlares":true,"showImageEffects":true,"showParticleSystems":true},"in2DMode":false,"pivot":{"x":4.183175086975098,"y":0.7191665172576904,"z":-4.258121490478516},"rotation":{"x":-0.0008779976051300764,"y":0.6734762787818909,"z":0.0007997842621989548,"w":0.739207923412323},"size":2.8578836917877199,"orthographic":false}