{"cameraMode":{"drawMode":0,"name":"Shaded","section":"Shading Mode"},"sceneLighting":true,"audioPlay":false,"sceneViewState":{"showFog":true,"showMaterialUpdate":true,"showSkybox":true,"showFlares":true,"showImageEffects":true,"showParticleSystems":true},"in2DMode":false,"pivot":{"x":0.8784477710723877,"y":0.9679722785949707,"z":-0.5887107849121094},"rotation":{"x":-0.007170296739786863,"y":-0.014658810570836068,"z":-0.00010574401676421985,"w":0.9998669028282166},"size":16.5189266204834,"orthographic":false}