{"cameraMode":{"drawMode":0,"name":"Shaded","section":"Shading Mode"},"sceneLighting":false,"audioPlay":false,"sceneViewState":{"showFog":true,"showMaterialUpdate":true,"showSkybox":true,"showFlares":true,"showImageEffects":true,"showParticleSystems":true},"in2DMode":false,"pivot":{"x":1.1945388317108155,"y":0.5345225930213928,"z":-1.8878295421600342},"rotation":{"x":0.0000908042784431018,"y":-0.9998147487640381,"z":0.004826387856155634,"w":0.018634501844644548},"size":1.8957056999206544,"orthographic":false}