{"cameraMode":{"drawMode":0,"name":"Shaded","section":"Shading Mode"},"sceneLighting":false,"audioPlay":false,"sceneViewState":{"showFog":true,"showMaterialUpdate":true,"showSkybox":true,"showFlares":true,"showImageEffects":true,"showParticleSystems":true},"in2DMode":false,"pivot":{"x":0.9100000262260437,"y":0.5,"z":-1.5800000429153443},"rotation":{"x":-0.13008961081504823,"y":0.7096965312957764,"z":-0.1359880268573761,"w":-0.6789070963859558},"size":1.8957058191299439,"orthographic":false}