{"cameraMode":{"drawMode":0,"name":"Shaded","section":"Shading Mode"},"sceneLighting":true,"audioPlay":false,"sceneViewState":{"showFog":true,"showMaterialUpdate":true,"showSkybox":true,"showFlares":true,"showImageEffects":true,"showParticleSystems":true},"in2DMode":false,"pivot":{"x":14.976276397705079,"y":-3.48753023147583,"z":-3.7479405403137209},"rotation":{"x":0.08338475227355957,"y":0.7978770732879639,"z":-0.11350815743207932,"w":0.5861358046531677},"size":19.525218963623048,"orthographic":false}