{"cameraMode":{"drawMode":0,"name":"Shaded","section":"Shading Mode"},"sceneLighting":false,"audioPlay":false,"sceneViewState":{"showFog":true,"showMaterialUpdate":true,"showSkybox":true,"showFlares":true,"showImageEffects":true,"showParticleSystems":true},"in2DMode":false,"pivot":{"x":-3.051321506500244,"y":0.5,"z":10.446051597595215},"rotation":{"x":0.015621437691152096,"y":0.9451341032981873,"z":-0.04569762572646141,"w":0.32309335470199587},"size":1.8913921117782593,"orthographic":false}