{"cameraMode":{"drawMode":0,"name":"Shaded","section":"Shading Mode"},"sceneLighting":false,"audioPlay":false,"sceneViewState":{"showFog":true,"showMaterialUpdate":true,"showSkybox":true,"showFlares":true,"showImageEffects":true,"showParticleSystems":true},"in2DMode":false,"pivot":{"x":4.183175086975098,"y":0.7191665768623352,"z":-4.258121490478516},"rotation":{"x":0.03674715757369995,"y":-0.9631171226501465,"z":0.1800527572631836,"w":0.1965610682964325},"size":0.14289450645446778,"orthographic":false}