{"cameraMode":{"drawMode":0,"name":"Shaded","section":"Shading Mode"},"sceneLighting":false,"audioPlay":false,"sceneViewState":{"showFog":true,"showMaterialUpdate":true,"showSkybox":true,"showFlares":true,"showImageEffects":true,"showParticleSystems":true},"in2DMode":false,"pivot":{"x":-2.9802322387695315e-8,"y":0.5132095217704773,"z":-0.0682963877916336},"rotation":{"x":0.11809159815311432,"y":0.17806732654571534,"z":-0.02153133787214756,"w":0.9766692519187927},"size":2.125225067138672,"orthographic":false}