{"cameraMode":{"drawMode":0,"name":"Shaded","section":"Shading Mode"},"sceneLighting":true,"audioPlay":false,"sceneViewState":{"showFog":true,"showMaterialUpdate":true,"showSkybox":true,"showFlares":true,"showImageEffects":true,"showParticleSystems":true},"in2DMode":false,"pivot":{"x":207.78028869628907,"y":101.23836517333985,"z":10.6446533203125},"rotation":{"x":-0.034811537712812427,"y":0.008061097003519535,"z":-0.00028006386128254235,"w":-0.9993613958358765},"size":1756.0433349609375,"orthographic":false}