{"cameraMode":{"drawMode":0,"name":"Shaded","section":"Shading Mode"},"sceneLighting":false,"audioPlay":false,"sceneViewState":{"showFog":true,"showMaterialUpdate":true,"showSkybox":true,"showFlares":true,"showImageEffects":true,"showParticleSystems":true},"in2DMode":false,"pivot":{"x":-0.3102700710296631,"y":-0.06381089985370636,"z":-2.4421355724334719},"rotation":{"x":-0.08926574885845185,"y":0.6827477216720581,"z":-0.08462031185626984,"w":-0.7202267646789551},"size":0.4041662812232971,"orthographic":false}