{"cameraMode":{"drawMode":0,"name":"Shaded","section":"Shading Mode"},"sceneLighting":true,"audioPlay":false,"sceneViewState":{"showFog":true,"showMaterialUpdate":true,"showSkybox":true,"showFlares":true,"showImageEffects":true,"showParticleSystems":true},"in2DMode":false,"pivot":{"x":14.27465534210205,"y":0.5814405083656311,"z":-22.617856979370118},"rotation":{"x":0.03329891711473465,"y":0.6716834306716919,"z":-0.03024645894765854,"w":0.7394712567329407},"size":0.4194198250770569,"orthographic":false}