{"cameraMode":{"drawMode":0,"name":"Shaded","section":"Shading Mode"},"sceneLighting":true,"audioPlay":false,"sceneViewState":{"showFog":true,"showMaterialUpdate":true,"showSkybox":true,"showFlares":true,"showImageEffects":true,"showParticleSystems":true},"in2DMode":false,"pivot":{"x":0.33656740188598635,"y":2.20017147064209,"z":4.778895378112793},"rotation":{"x":-0.01013965718448162,"y":0.09556211531162262,"z":0.0009730365127325058,"w":0.995371401309967},"size":8.900064468383789,"orthographic":false}