{"cameraMode":{"drawMode":0,"name":"Shaded","section":"Shading Mode"},"sceneLighting":true,"audioPlay":false,"sceneViewState":{"showFog":true,"showMaterialUpdate":true,"showSkybox":true,"showFlares":true,"showImageEffects":true,"showParticleSystems":true},"in2DMode":false,"pivot":{"x":649.6929321289063,"y":67.9271240234375,"z":218.14862060546876},"rotation":{"x":0.06477145105600357,"y":-0.016125962138175966,"z":0.0010457203024998308,"w":0.997769296169281},"size":641.66650390625,"orthographic":false}