{"cameraMode":{"drawMode":0,"name":"Shaded","section":"Shading Mode"},"sceneLighting":true,"audioPlay":false,"sceneViewState":{"showFog":true,"showMaterialUpdate":true,"showSkybox":true,"showFlares":true,"showImageEffects":true,"showParticleSystems":true},"in2DMode":false,"pivot":{"x":32.156131744384769,"y":-26.07250213623047,"z":-16.047000885009767},"rotation":{"x":0.07121018320322037,"y":0.9287732839584351,"z":-0.2543764114379883,"w":0.26000383496284487},"size":2.2578837871551515,"orthographic":false}