{"cameraMode":{"drawMode":0,"name":"Shaded","section":"Shading Mode"},"sceneLighting":false,"audioPlay":false,"sceneViewState":{"showFog":true,"showMaterialUpdate":true,"showSkybox":true,"showFlares":true,"showImageEffects":true,"showParticleSystems":true},"in2DMode":false,"pivot":{"x":-0.7840865850448608,"y":0.5916603803634644,"z":-2.5349085330963136},"rotation":{"x":0.04162614792585373,"y":-0.7050087451934815,"z":0.041522249579429629,"w":0.7067572474479675},"size":0.995705783367157,"orthographic":false}