{"cameraMode":{"drawMode":0,"name":"Shaded","section":"Shading Mode"},"sceneLighting":false,"audioPlay":false,"sceneViewState":{"showFog":true,"showMaterialUpdate":true,"showSkybox":true,"showFlares":true,"showImageEffects":true,"showParticleSystems":true},"in2DMode":false,"pivot":{"x":-7.019489288330078,"y":-7.060979843139648,"z":17.886363983154298},"rotation":{"x":0.14350268244743348,"y":-0.002080051228404045,"z":0.00030158209847286344,"w":0.9896477460861206},"size":0.5715771913528442,"orthographic":false}