{"cameraMode":{"drawMode":0,"name":"Shaded","section":"Shading Mode"},"sceneLighting":false,"audioPlay":false,"sceneViewState":{"showFog":true,"showMaterialUpdate":true,"showSkybox":true,"showFlares":true,"showImageEffects":true,"showParticleSystems":true},"in2DMode":false,"pivot":{"x":4.183175086975098,"y":0.7191665768623352,"z":-4.258121490478516},"rotation":{"x":0.008178722113370896,"y":0.9232116341590881,"z":-0.019679194316267968,"w":0.38370072841644289},"size":0.14289450645446778,"orthographic":false}