{"cameraMode":{"drawMode":0,"name":"Shaded","section":"Shading Mode"},"sceneLighting":false,"audioPlay":false,"sceneViewState":{"showFog":true,"showMaterialUpdate":true,"showSkybox":true,"showFlares":true,"showImageEffects":true,"showParticleSystems":true},"in2DMode":false,"pivot":{"x":-1.0052027702331544,"y":0.5,"z":-3.183690309524536},"rotation":{"x":0.11851606518030167,"y":-0.023490481078624727,"z":0.002803898649290204,"w":0.9926702976226807},"size":1.8957058191299439,"orthographic":false}