{"cameraMode":{"drawMode":0,"name":"Shaded","section":"Shading Mode"},"sceneLighting":true,"audioPlay":false,"sceneViewState":{"showFog":true,"showMaterialUpdate":true,"showSkybox":true,"showFlares":true,"showImageEffects":true,"showParticleSystems":true},"in2DMode":false,"pivot":{"x":-7.533449172973633,"y":-2.074167251586914,"z":-8.925097465515137},"rotation":{"x":-0.03641893342137337,"y":0.9311687350273132,"z":-0.09702051430940628,"w":-0.3495504856109619},"size":14.779982566833496,"orthographic":false}